test_id,actual_output,actual_http_status,prediction_source
PREM-001,"{""success"": true, ""message"": ""Payment successful! Premium features unlocked.""}",200,shadow
PREM-002,"{""success"": true, ""message"": ""Payment successful! Premium features unlocked.""}",200,shadow
PREM-003,"{""success"": true, ""message"": ""Interview kit generated."", ""generated_html"": ""<h2>Interview Preparation Kit</h2>\n\n<h3>Likely Interview Questions & Answer Guidance</h3>\n<ul>\n  <li>\n    <strong>Question 1: Describe a project where you used Python and SQL together to solve a data problem. What libraries did you use and how did you optimize the query performance?</strong>\n    <p><strong>Guidance:</strong> Structure your answer using the STAR method (Situation, Task, Action, Result). Highlight specific Python libraries (pandas, SQLAlchemy, psycopg2) and SQL optimization techniques (indexing, partitioning, avoiding SELECT *, query execution plans). Quantify the impact (e.g., reduced runtime by 40%, processed 10M+ rows daily).</p>\n  </li>\n  <li>\n    <strong>Question 2: How would you handle a dataset with significant missing values and class imbalance for a classification task?</strong>\n    <p><strong>Guidance:</strong> Demonstrate statistical rigor. For missing data: discuss MCAR/MAR/MNAR diagnosis, imputation strategies (mean/median, KNN, MICE), or model-based handling (XGBoost/LightGBM native handling). For imbalance: mention resampling (SMOTE, ADASYN), algorithmic approaches (class weights, focal loss), and appropriate metrics (Precision-Recall AUC, F1-score, Matthews Correlation Coefficient) instead of accuracy.</p>\n  </li>\n  <li>\n    <strong>Question 3: Explain the bias-variance tradeoff. How does regularization (L1 vs L2) affect this tradeoff in a linear regression model?</strong>\n    <p><strong>Guidance:</strong> Define bias (error from erroneous assumptions) and variance (error from sensitivity to fluctuations). Explain the tradeoff: model complexity vs. generalization. Detail L1 (Lasso) inducing sparsity/feature selection by shrinking coefficients to zero, and L2 (Ridge) shrinking coefficients evenly to handle multicollinearity. Mention Elastic Net as a combination.</p>\n  </li>\n</ul>\n\n<h3>Intelligent Questions to Ask the Interviewer</h3>\n<ul>\n  <li>\n    <strong>Question 1: \""What does the current data stack look like (warehousing, orchestration, feature store), and what is the biggest technical debt or scalability bottleneck the team is trying to solve right now?\""</strong>\n    <p>This signals you think about engineering maturity and production constraints, not just model building.</p>\n  </li>\n  <li>\n    <strong>Question 2: \""How does the team currently validate model performance post-deployment, and what is the process for retraining or rolling back when data drift is detected?\""</strong>\n    <p>This shows MLOps maturity and business awareness—crucial for a Data Scientist role at a product-focused company like Acme.</p>\n  </li>\n</ul>""}",200,shadow
PREM-004,"{""success"": true, ""message"": ""Interview kit generated."", ""generated_html"": ""<h2>Interview Preparation Kit</h2>\n\n<h3>Likely Interview Questions & Answer Guidance</h3>\n<ul>\n  <li>\n    <strong>Question 1: Describe a project where you used Python and SQL together to solve a data problem. What libraries did you use and how did you optimize the query performance?</strong>\n    <p><strong>Guidance:</strong> Use the STAR method (Situation, Task, Action, Result). Highlight specific Python libraries (pandas, SQLAlchemy, psycopg2) and SQL optimization techniques (indexing, partitioning, CTEs, avoiding SELECT *). Quantify the result (e.g., reduced runtime by 40%, processed 10M+ rows daily).</p>\n  </li>\n  <li>\n    <strong>Question 2: How would you handle missing data in a dataset intended for a predictive model? Explain the statistical reasoning behind your chosen method.</strong>\n    <p><strong>Guidance:</strong> Discuss the mechanism of missingness (MCAR, MAR, MNAR). Compare techniques: deletion (listwise/pairwise), imputation (mean/median/mode, KNN, MICE), and model-based approaches. Justify your choice based on bias-variance tradeoff and the percentage of missing data.</p>\n  </li>\n  <li>\n    <strong>Question 3: Explain the concept of p-value and statistical power to a non-technical stakeholder. Why is it dangerous to rely solely on p-values for business decisions?</strong>\n    <p><strong>Guidance:</strong> Define p-value simply (probability of observing data this extreme if null hypothesis is true). Define power (probability of detecting an effect if it exists). Mention the \""p-hacking\"" risk, effect size importance, confidence intervals, and the difference between statistical significance and practical business significance.</p>\n  </li>\n</ul>\n\n<h3>Intelligent Questions to Ask the Interviewer</h3>\n<ul>\n  <li>\n    <strong>Question 1: \""What does the current data stack look like at Acme, and what are the biggest bottlenecks the team is facing in moving models from prototype to production?\""</strong>\n    <p><strong>Why this works:</strong> Shows you understand the full ML lifecycle (MLOps), not just modeling. It signals readiness to solve engineering challenges, not just theoretical ones.</p>\n  </li>\n  <li>\n    <strong>Question 2: \""How does the data science team collaborate with product and engineering to define success metrics for new features? Can you share an example where analysis directly changed the product roadmap?\""</strong>\n    <p><strong>Why this works:</strong> Demonstrates business acumen and a focus on impact over output. It reveals the company's data maturity and your potential seat at the strategic table.</p>\n  </li>\n</ul>""}",200,shadow
PREM-005,"{""success"": true, ""message"": ""Interview kit generated."", ""generated_html"": ""<h2>Interview Preparation Kit</h2>\n\n<h3>Likely Interview Questions & Answer Guidance</h3>\n<ul>\n  <li>\n    <strong>Question 1: Describe a complex Python project you have built.</strong>\n    <p>Guidance: Use the STAR method (Situation, Task, Action, Result). Focus on architecture, libraries used (e.g., Django, FastAPI, Pandas), and specific challenges like concurrency or data processing.</p>\n  </li>\n  <li>\n    <strong>Question 2: How do you manage dependencies and virtual environments in Python?</strong>\n    <p>Guidance: Mention tools like venv, poetry, or pipenv. Explain the importance of requirements.txt or pyproject.toml for reproducibility and CI/CD pipelines.</p>\n  </li>\n  <li>\n    <strong>Question 3: Explain Python's Global Interpreter Lock (GIL) and its impact on multi-threading.</strong>\n    <p>Guidance: Define the GIL, explain how it limits CPU-bound multi-threading, and discuss workarounds like multiprocessing, asyncio, or using C-extensions (NumPy, Pandas) that release the GIL.</p>\n  </li>\n</ul>\n\n<h3>Intelligent Questions to Ask the Interviewer</h3>\n<ul>\n  <li>\n    <strong>Question 1: What does the current tech stack look like for the team I would be joining, and are there any planned migrations or modernizations?</strong>\n    <p>Reasoning: Shows strategic interest in the environment and reveals potential growth areas or technical debt.</p>\n  </li>\n  <li>\n    <strong>Question 2: How does the engineering team handle code reviews, testing strategies, and deployment pipelines?</strong>\n    <p>Reasoning: Demonstrates a focus on software quality, collaboration, and DevOps maturity.</p>\n  </li>\n</ul>""}",200,shadow
PREM-006,"{""success"": true, ""message"": ""Auto-Apply initiated."", ""cover_letter"": ""Dear Hiring Manager,\n\nI am writing to express my interest in the Data Scientist position at Acme. With a strong foundation in Python, I am confident in my ability to contribute effectively to your team.\n\nMy experience with Python aligns directly with the requirements of this role. I am eager to apply my technical skills to help Acme achieve its data-driven objectives.\n\nThank you for your time and consideration. I look forward to the possibility of discussing how my background fits your needs.\n\nSincerely,\n[Your Name]""}",200,shadow
PREM-007,"{""success"": true, ""message"": ""Auto-Apply initiated."", ""cover_letter"": ""Dear Hiring Manager,\n\nI am writing to express my interest in the Data Scientist position at Acme. With a strong background in Python, I am confident in my ability to contribute effectively to your team.\n\nMy experience with Python aligns directly with the requirements of this role. I am eager to apply my technical skills to help Acme achieve its data-driven objectives.\n\nThank you for your time and consideration. I look forward to the possibility of discussing how my background fits your needs.\n\nSincerely,\n[Your Name]""}",200,shadow
PREM-008,"{""success"": true, ""message"": ""Auto-Apply initiated."", ""cover_letter"": ""Dear Hiring Manager,\n\nI am writing to express my interest in the Data Scientist position at Acme. With a background in Python and SQL, I am well-prepared to contribute to your team.\n\nMy experience aligns directly with the requirements of this role. I have applied Python and SQL extensively in previous positions to analyze data, build models, and derive actionable insights. I am eager to bring this technical proficiency to Acme to support your data-driven objectives.\n\nThank you for your time and consideration. I look forward to the possibility of discussing how my skills match your needs.\n\nSincerely,\n[Your Name]""}",200,shadow
PREM-009,"{""success"": true, ""message"": ""Auto-Apply initiated."", ""cover_letter"": ""Dear Hiring Manager,\n\nI am writing to express my interest in the Developer position at Acme. With one year of professional experience in Python development, I have built a strong foundation in writing clean, maintainable code and solving technical problems. I am eager to bring my programming skills and enthusiasm for learning to your engineering team.\n\nThank you for your time and consideration.\n\nSincerely,\n[Your Name]""}",200,shadow
PREM-010,"{""success"": true, ""score"": 50, ""feedback"": ""Add SQL experience and specific Python frameworks to match job requirements.""}",200,shadow
PREM-011,"{""success"": true, ""score"": 100, ""feedback"": ""Perfect keyword match; add project metrics and cloud keywords to strengthen impact.""}",200,shadow
PREM-012,"{""success"": true, ""score"": 100, ""feedback"": ""Perfect keyword match; add project metrics and cloud keywords to strengthen impact.""}",200,shadow
PREM-013,"{""success"": true, ""score"": 50, ""feedback"": ""Add SQL experience and specific Python frameworks to match job requirements.""}",200,shadow
PREM-014,"{""success"": true, ""score"": 0, ""feedback"": ""Add Python and SQL projects or certifications to your resume to match the job requirements.""}",200,shadow
PREM-015,"{""success"": true, ""questions"": ""1. **Python:** Given a list of 10 million integers, write a memory-efficient generator function to yield the running median without loading the entire dataset into RAM.  \n   *Hint: Use two heaps (max-heap for lower half, min-heap for upper half) and `heapq` to maintain balance in O(log n) time per element.*\n\n2. **Python:** Explain how Python’s Global Interpreter Lock (GIL) impacts the performance of a multi-threaded feature engineering pipeline versus a multi-processing approach.  \n   *Hint: The GIL serializes CPU-bound bytecode execution, making `multiprocessing` (separate memory spaces) necessary for true parallelism on multi-core machines.*\n\n3. **SQL:** Write a query to identify \""sessionization\"" gaps: flag user sessions where the time difference between consecutive events exceeds 30 minutes, using only window functions and a single CTE.  \n   *Hint: Use `LAG(event_timestamp) OVER (PARTITION BY user_id ORDER BY event_timestamp)` to calculate the delta and a running `SUM` of gap flags to assign session IDs.*\n\n4. **SQL:** You have a `transactions` table (user_id, amount, created_at) with 500M rows. Write a performant query to calculate the 7-day rolling average transaction amount per user without a self-join.  \n   *Hint: Use `AVG(amount) OVER (PARTITION BY user_id ORDER BY created_at RANGE BETWEEN INTERVAL '6 DAYS' PRECEDING AND CURRENT ROW)` and ensure an index exists on (user_id, created_at).*\n\n5. **Statistics:** Derive the formula for the variance of the sample mean estimator for a metric (e.g., CTR) in a stratified sampling experiment where strata have different variances and sample sizes.  \n   *Hint: The total variance is the weighted sum of within-strata variances: $\\sum (W_h^2 \\cdot \\sigma_h^2 / n_h)$, where $W_h$ is the stratum weight.*\n\n6. **Statistics:** In an A/B test with a binary conversion metric, the observed p-value is 0.04. Explain why \""peeking\"" at the data daily and stopping early inflates the Type I error rate far beyond 5%.  \n   *Hint: Repeated significance testing on accumulating data violates the independence assumption of the p-value; the probability of *ever* crossing the threshold under the null approaches 1 as looks increase.*\n\n7. **Experimentation:** Design a randomization unit strategy for a search ranking experiment where the same user issues multiple queries per session. Justify why randomizing by `user_id` is generally preferred over `query_id` or `session_id`.  \n   *Hint: Randomizing by `user_id` prevents contamination (same user seeing both treatments) and ensures independence of observations, satisfying the SUTVA assumption.*\n\n8. **Experimentation:** You are running an experiment with a highly skewed revenue metric (Pareto distribution). Propose a robust statistical method to detect a lift in the 99th percentile of revenue per user, including how you would compute confidence intervals.  \n   *Hint: Use the bootstrap percentile method (resampling users with replacement) to estimate the sampling distribution of the 99th percentile difference, as CLT-based t-tests fail on heavy-tailed extremes.*\n\n9. **Integrated (Python + Statistics):** Implement a simulation in Python to estimate the Minimum Detectable Effect (MDE) for a two-proportion z-test given baseline conversion rate, alpha=0.05, power=0.8, and a fixed sample size per variant.  \n   *Hint: Simulate binomial draws for control and treatment groups under the alternative hypothesis, run the z-test 10,000 times, and binary search for the lift where the rejection rate equals 0.8.*\n\n10. **Integrated (SQL + Experimentation):** Write a SQL query to perform a \""Sanity Check\"" (Sample Ratio Mismatch test) on an experiment assignment table (`user_id`, `variant`, `assignment_ts`). Output the p-value for a Chi-Square goodness-of-fit test assuming a 50/50 split.  \n    *Hint: Aggregate counts per variant, compute expected counts as total/2, then apply the formula $\\sum (O-E)^2/E$; use the `CHISQ_DIST_RT` (or equivalent) function with 1 degree of freedom on the resulting statistic.*""}",200,shadow
PREM-016,"{""success"": true, ""questions"": ""1. Design an idempotent data ingestion pipeline for Acme's high-volume event streams using Kafka and Spark Structured Streaming; how do you handle exactly-once semantics and late-arriving data?\nHint: Leverage Kafka transactional producers, checkpointing, and watermarking with deduplication keys.\n\n2. You need to model a slowly changing dimension (SCD Type 2) for Acme's customer 360 table in Delta Lake; describe the merge logic and how you optimize for query performance on current records.\nHint: Use Delta Lake MERGE with partition pruning on effective dates and Z-Ordering on the current flag column.\n\n3. Acme's nightly ETL job fails intermittently due to schema drift in upstream JSON payloads; propose a schema evolution strategy that prevents data loss and alerts engineers.\nHint: Enforce a schema registry with backward compatibility checks and route malformed records to a dead-letter queue for automated alerting.\n\n4. Compare orchestrating Acme's complex DAG of dbt models and Spark jobs using Airflow versus Dagster; which would you choose and why?\nHint: Evaluate Dagster's software-defined assets and type-safe dependencies against Airflow's mature ecosystem and dynamic task mapping.\n\n5. A critical Acme dashboard shows stale data because the incremental dbt model on Snowflake is not capturing deletes from the source CDC stream; how do you fix this?\nHint: Implement a snapshot strategy or use dbt's incremental_strategy='merge' with a unique key and a deletion detection column.\n\n6. Acme's data lake on S3 suffers from the small files problem after heavy streaming writes; detail the compaction strategy and table maintenance operations you would automate.\nHint: Schedule regular OPTIMIZE and VACUUM commands on Delta tables with appropriate file size targets and retention policies.\n\n7. You are tasked with implementing column-level lineage for Acme's PII data to satisfy GDPR compliance; what open-source tools and metadata standards would you integrate?\nHint: Deploy OpenLineage collectors on Airflow/Spark and integrate with DataHub or Amundsen using the OpenMetadata standard.\n\n8. Acme's Spark job suffers from severe data skew during a large fact-to-dimension join; walk through the diagnostic steps and three mitigation techniques.\nHint: Inspect the Spark UI for skewed partitions, then apply salting, broadcast hints, or adaptive query execution (AQE) skew join optimization.\n\n9. Define a data contract between Acme's producer service team and the data engineering team for a new Kafka topic; list the essential technical and governance fields.\nHint: Include schema (Avro/Protobuf), ownership, SLA (latency/freshness), data quality rules, and semantic versioning in a machine-readable format.\n\n10. Acme wants to migrate its on-premise Hive/HDFS warehouse to a modern cloud lakehouse (Databricks/Snowflake); outline the validation framework to ensure data parity post-migration.\nHint: Automate row-count, checksum, and sample-value comparisons between source and target tables using a tool like data-diff or custom PySpark jobs.""}",200,shadow
PREM-017,"{""success"": true, ""questions"": ""I cannot generate the interview questions because the **Company**, **Role**, and **Job Description** fields in your prompt are empty.\n\nPlease provide the Job Description (and optionally the Company/Role) so I can create 10 rigorous, JD-specific technical questions with hints.""}",200,shadow
PREM-018,"{""success"": true, ""message"": ""Interview kit generated."", ""generated_html"": ""<h2>Interview Preparation Kit</h2>\n\n<h3>Likely Interview Questions & Answer Guidance</h3>\n<ul>\n  <li>\n    <strong>Question 1: Describe a complex data science project you have executed using Python. What libraries did you leverage and why?</strong>\n    <p><em>Guidance:</em> Structure your answer using the STAR method (Situation, Task, Action, Result). Highlight specific libraries (e.g., Pandas for manipulation, Scikit-learn for modeling, Matplotlib/Seaborn for visualization) and justify your choices based on the problem constraints (e.g., dataset size, need for interpretability, deployment requirements). Quantify the business impact of the result.</p>\n  </li>\n  <li>\n    <strong>Question 2: How do you handle missing data and outliers in a dataset using Python? Walk me through your decision-making process.</strong>\n    <p><em>Guidance:</em> Demonstrate that you don't apply a \""one size fits all\"" approach. Discuss techniques like mean/median/mode imputation, KNN imputation, or using algorithms that handle NaNs natively (like XGBoost/LightGBM). For outliers, mention IQR, Z-score, or isolation forests, and emphasize the importance of domain knowledge before removing or capping values. Show code snippets mentally (e.g., <code>df.fillna()</code>, <code>SimpleImputer</code>).</p>\n  </li>\n  <li>\n    <strong>Question 3: Explain the bias-variance tradeoff. How do you diagnose high bias vs. high variance in a Python model, and what steps do you take to fix each?</strong>\n    <p><em>Guidance:</em> Define bias (underfitting) and variance (overfitting). For diagnosis, mention learning curves (training vs. validation score) using <code>sklearn.model_selection.learning_curve</code>. For high bias: suggest adding features, increasing model complexity (e.g., higher degree polynomial, deeper tree), or reducing regularization. For high variance: suggest more data, feature selection, regularization (L1/L2), or ensemble methods (Bagging/Random Forest).</p>\n  </li>\n</ul>\n\n<h3>Intelligent Interviewer Questions</h3>\n<ul>\n  <li><strong>What does the current ML lifecycle look like at Acme—from feature store and experiment tracking to model deployment and monitoring—and where is the team looking to improve maturity in the next 12 months?</strong></li>\n  <li><strong>How does the data science team collaborate with engineering and product stakeholders to define success metrics for new models, and can you share an example where a model performed well offline but required significant iteration to succeed in production?</strong></li>\n</ul>""}",200,shadow
PREM-019,"{""success"": true, ""message"": ""Auto-Apply initiated."", ""cover_letter"": ""Dear Hiring Manager,\n\nI am writing to express my interest in the Data Scientist position at Acme. With a strong foundation in Python, I am confident in my ability to contribute effectively to your team.\n\nMy experience with Python aligns directly with the requirements of this role. I am eager to apply my technical skills to solve complex data challenges at Acme.\n\nThank you for your time and consideration.\n\nSincerely,\n[Your Name]""}",200,shadow
PREM-020,"{""success"": true, ""message"": ""Payment successful! Premium features unlocked.""}",200,shadow
